Date,Open,High,Low,Close,Volume,Adj Close,SAR,EP,Trend,AF
2011-06-01,35.69,35.69,35.36,35.36,18300,35.36,0,0,1,0
2011-06-02,35.41,36.07,34.64,35.91,54400,35.91,34.64,36.07,0,0.02
2011-06-03,35.64,37.49,35.41,36.6,191800,36.6,36.07,35.41,1,0.02
2011-06-06,36.6,37.3,36.32,36.54,103500,36.54,35.41,37.3,1,0.04
2011-06-07,36.66,37.04,36,36.35,77600,36.35,35.41,37.3,1,0.04
2011-06-08,36.37,37.05,36.03,36.89,58400,36.89,35.4856,37.3,1,0.04
2011-06-09,36.93,37.03,36.57,36.87,47500,36.87,35.5582,37.3,1,0.04
2011-06-10,36.97,37.12,36.15,36.15,23500,36.15,35.6278,37.3,1,0.04
2011-06-13,36.19,36.43,35.58,35.61,58500,35.61,35.6947,37.3,0,0.02
2011-06-14,35.9,37,35.81,36.87,55400,36.87,37.3,35.81,0,0.04
2011-06-15,35.62,36.84,35.62,36.12,30600,36.12,37.2404,35.62,0,0.06
2011-06-16,36,36.78,35,35.36,126800,35.36,37.1432,35,0,0.08
2011-06-17,35.64,36.3,35.35,36.19,77600,36.19,36.9717,35,0,0.08
2011-06-20,36.09,36.23,35.42,35.8,55700,35.8,36.814,35,0,0.08
2011-06-21,36,36.2,35.76,35.82,142800,35.82,36.6689,35,0,0.08
2011-06-22,35.94,35.95,35.38,35.68,152000,35.68,36.5354,35,0,0.08
2011-06-23,35.5,35.86,35.3,35.5,87200,35.5,36.4125,35,0,0.08
2011-06-24,35.56,35.77,35.36,35.64,107400,35.64,36.2995,35,0,0.08
2011-06-27,36.36,36.36,35.47,35.99,19500,35.99,36.1956,35,1,0.02
2011-06-28,36.03,36.5,35.85,36.44,73800,36.44,35,36.5,1,0.04
2011-06-29,36.24,36.9,36,36.59,32100,36.59,35.06,36.9,1,0.06
2011-06-30,36.66,36.93,36.13,36.8,39000,36.8,35.1704,36.93,1,0.08
2011-07-01,36.81,37.5,36.46,37.25,64800,37.25,35.3112,37.5,1,0.1
2011-07-05,37.29,37.57,37.09,37.49,38700,37.49,35.5301,37.57,1,0.12
2011-07-06,37.49,37.75,37.38,37.61,46500,37.61,35.7748,37.75,1,0.14
2011-07-07,37.76,38,37.46,37.48,42000,37.48,36.0514,38,1,0.16
2011-07-08,37.35,37.82,37.22,37.28,38100,37.28,36.3631,38,1,0.16
2011-07-11,37.13,37.27,36.67,36.99,32000,36.99,36.625,38,1,0.16
2011-07-12,36.99,37.5,36.82,37.17,29600,37.17,36.67,38,1,0.16
2011-07-13,37.38,37.64,37.38,37.45,45100,37.45,36.67,38,1,0.16
2011-07-14,37.75,37.75,36.91,37.1,35200,37.1,36.82,38,1,0.16
2011-07-15,37.16,37.2,36.87,37.1,48700,37.1,36.91,38,0,0.02
2011-07-18,37.06,37.29,36.8,36.94,12800,36.94,38,36.8,0,0.04
2011-07-19,37.02,37.53,36.4,36.89,38100,36.89,37.952,36.4,0,0.06
2011-07-20,37.08,37.28,36.84,36.97,15200,36.97,37.8589,36.4,0,0.06
2011-07-21,37.22,37.34,36.34,37.09,37100,37.09,37.7713,36.34,0,0.08
2011-07-22,36.99,37.21,36.76,36.9,17000,36.9,37.6568,36.34,0,0.08
2011-07-25,36.61,37.02,36.34,36.64,12800,36.64,37.5515,36.34,0,0.08
2011-07-26,36.83,36.84,36.25,36.38,27000,36.38,37.4546,36.25,0,0.1
2011-07-27,36.15,36.84,35.39,35.54,89900,35.54,37.3341,35.39,0,0.12
2011-07-28,35.18,35.19,32.2,33.98,632300,33.98,37.1008,32.2,0,0.14
2011-07-29,33.65,33.98,32.95,33.84,78400,33.84,36.84,32.2,0,0.14
2011-08-01,34,34.68,33.68,34.5,91700,34.5,36.1904,32.2,0,0.14
2011-08-02,34.5,34.78,34.2,34.45,61500,34.45,35.6317,32.2,0,0.14
2011-08-03,34.31,34.93,34.29,34.69,73300,34.69,35.1513,32.2,0,0.14
2011-08-04,34.46,34.56,33.62,34,111400,34,34.93,32.2,0,0.14
2011-08-05,34.07,34.82,33.35,33.95,82500,33.95,34.93,32.2,0,0.14
2011-08-08,33.33,34.15,31.06,31.79,169200,31.79,34.82,31.06,0,0.16
2011-08-09,32.13,32.49,31.73,32.39,109200,32.39,34.82,31.06,0,0.16
2011-08-10,31.92,33.44,31.17,32.46,95800,32.46,34.2184,31.06,0,0.16
2011-08-11,32.5,33.61,31.94,33.44,69400,33.44,33.7131,31.06,0,0.16
2011-08-12,33.5,33.76,32.95,33.71,79300,33.71,33.61,31.06,1,0.02
2011-08-15,34,34.31,33.52,34.27,89300,34.27,31.06,34.31,1,0.04
2011-08-16,33.92,34.28,33.5,34.16,60900,34.16,31.19,34.31,1,0.04
2011-08-17,34.32,34.74,33.96,34.34,28400,34.34,31.3148,34.74,1,0.06
2011-08-18,33.61,34.05,33.07,33.4,46900,33.4,31.5203,34.74,1,0.06
2011-08-19,33.01,33.27,32.09,32.3,94200,32.3,31.7135,34.74,1,0.06
2011-08-22,32.5,33.29,32.36,32.68,74700,32.68,31.8951,34.74,1,0.06
2011-08-23,32.58,32.92,32.31,32.8,100700,32.8,32.0658,34.74,1,0.06
2011-08-24,32.93,33.14,32.61,32.79,142900,32.79,32.2262,34.74,1,0.06
2011-08-25,33,33.39,32.36,32.66,128200,32.66,32.31,34.74,1,0.06
2011-08-26,32.73,32.87,32.13,32.82,124200,32.82,32.36,34.74,0,0.02
2011-08-29,33.22,33.99,33.22,33.68,60100,33.68,34.74,33.22,0,0.04
2011-08-30,33.59,34.02,32.08,33.93,54900,33.93,34.6792,32.08,0,0.06
2011-08-31,34,34.87,33.82,34.85,79200,34.85,34.5232,32.08,1,0.02
2011-09-01,34.76,35.53,34.76,35.13,92900,35.13,32.08,35.53,1,0.04
2011-09-02,35.12,35.21,34.63,34.83,37400,34.83,32.218,35.53,1,0.04
2011-09-06,34.09,35.25,32.67,35.16,70900,35.16,32.3505,35.53,1,0.04
2011-09-07,35.65,35.65,35.03,35.32,75100,35.32,32.4777,35.65,1,0.06
2011-09-08,35.11,35.75,35.11,35.63,58700,35.63,32.668,35.75,1,0.08
2011-09-09,35.36,35.56,34.57,34.73,111300,34.73,32.9146,35.75,1,0.08
2011-09-12,34.62,35.22,34.15,35.22,67900,35.22,33.1414,35.75,1,0.08
2011-09-13,35.57,35.96,35.32,35.66,65700,35.66,33.3501,35.96,1,0.1
2011-09-14,35.96,36.5,35.51,36.3,40200,36.3,33.6111,36.5,1,0.12
2011-09-15,36.55,36.61,35.89,36.08,36300,36.08,33.9577,36.61,1,0.14
2011-09-16,36.05,37.02,35.65,36.98,121100,36.98,34.3291,37.02,1,0.16
2011-09-19,36.56,37.19,36.14,37.05,60500,37.05,34.7596,37.19,1,0.18
2011-09-20,37.16,37.49,36.83,37.04,40600,37.04,35.1971,37.49,1,0.2
2011-09-21,36.93,37.43,36.51,36.74,42700,36.74,35.6557,37.49,1,0.2
2011-09-22,35.91,36.96,35.36,35.4,47600,35.4,36.0225,37.49,0,0.02
2011-09-23,35.64,36.02,35.54,35.88,57900,35.88,37.49,35.54,0,0.04
2011-09-26,36,36.22,35.05,35.27,53900,35.27,37.412,35.05,0,0.06
2011-09-27,35.69,35.99,35.12,35.13,38800,35.13,37.2703,35.05,0,0.06
2011-09-28,35.3,35.39,34.59,35.16,42100,35.16,37.1371,34.59,0,0.08
2011-09-29,35.67,36.58,35.1,35.18,43000,35.18,36.9333,34.59,0,0.08
2011-09-30,35.03,35.53,34.44,35.39,66900,35.39,36.7458,34.44,0,0.1
2011-10-03,36.16,36.16,34.35,34.68,55900,34.68,36.58,34.35,0,0.12
2011-10-04,34.32,34.63,33.63,34.41,86900,34.41,36.3124,33.63,0,0.14
2011-10-05,34.44,35.26,34.38,35.1,47300,35.1,36.16,33.63,0,0.14
2011-10-06,35.04,35.6,34.64,35.49,44900,35.49,35.8058,33.63,0,0.14
2011-10-07,35.71,35.71,35.08,35.47,36200,35.47,35.6,33.63,1,0.02
2011-10-10,36.01,36.03,35.29,35.57,51000,35.57,33.63,36.03,1,0.04
2011-10-11,35.99,36.76,35.98,36.31,55500,36.31,33.726,36.76,1,0.06
2011-10-12,36.54,37.09,36.5,36.92,55700,36.92,33.908,37.09,1,0.08
2011-10-13,37,37.09,36.6,36.6,30700,36.6,34.1626,37.09,1,0.08
2011-10-14,37.04,37.2,36.56,36.6,30100,36.6,34.3968,37.2,1,0.1
2011-10-17,36.67,36.82,35.92,35.94,24400,35.94,34.6771,37.2,1,0.1
2011-10-18,36.03,36.5,36.03,36.26,28000,36.26,34.9294,37.2,1,0.1
2011-10-19,36.14,36.29,35.86,35.9,28000,35.9,35.1565,37.2,1,0.1
2011-10-20,35.98,36.26,35.67,35.67,23200,35.67,35.3608,37.2,1,0.1
2011-10-21,35.96,35.96,35.57,35.76,33600,35.76,35.5447,37.2,1,0.1
2011-10-24,35.75,36.7,35.69,36.62,59300,36.62,35.57,37.2,1,0.1
2011-10-25,36.58,37.23,36.08,37.04,58800,37.04,35.57,37.23,1,0.12
2011-10-26,37.5,37.5,36.74,37.42,60500,37.42,35.69,37.5,1,0.14
2011-10-27,38,40.87,37.72,39.95,483700,39.95,35.9434,40.87,1,0.16
2011-10-28,39.9,40.54,39.59,40.45,67000,40.45,36.7317,40.87,1,0.16
2011-10-31,40.1,40.58,39.73,40.25,142300,40.25,37.3938,40.87,1,0.16
2011-11-01,39.48,40.5,39.2,40.44,112700,40.44,37.95,40.87,1,0.16
2011-11-02,40.5,42.69,40.35,42.69,164900,42.69,38.4172,42.69,1,0.18
2011-11-03,42.75,43.55,42.22,43.54,123500,43.54,39.1863,43.55,1,0.2
2011-11-04,43.25,43.5,42.99,43.31,97700,43.31,40.059,43.55,1,0.2
2011-11-07,43.31,43.31,42.55,42.64,55300,42.64,40.7572,43.55,1,0.2
2011-11-08,43.02,43.44,42.72,42.77,72700,42.77,41.3158,43.55,1,0.2
2011-11-09,42.32,43.35,42.28,42.89,52800,42.89,41.7626,43.55,1,0.2
2011-11-10,43.01,43.26,42.04,42.5,54900,42.5,42.1201,43.55,0,0.02
2011-11-11,42.71,44.09,42.71,43.98,131800,43.98,43.55,42.71,1,0.02
2011-11-14,43.97,43.97,43.47,43.76,104700,43.76,42.71,43.97,1,0.04
2011-11-15,43.7,44.89,43.7,44.87,101000,44.87,42.71,44.89,1,0.06
2011-11-16,44.95,45.65,44.71,45.29,130400,45.29,42.8408,45.65,1,0.08
2011-11-17,45.44,45.7,45.28,45.66,126800,45.66,43.0655,45.7,1,0.1
2011-11-18,45.92,45.92,44.74,45.52,117700,45.52,43.329,45.92,1,0.12
2011-11-21,45.42,45.91,45.2,45.33,134200,45.33,43.6399,45.92,1,0.12
2011-11-22,45.31,46.58,45.18,46.39,129500,46.39,43.9135,46.58,1,0.14
2011-11-23,46.09,46.63,46.02,46.53,112600,46.53,44.2868,46.63,1,0.16
2011-11-25,46.38,46.83,46.03,46.2,71300,46.2,44.6617,46.83,1,0.18
2011-11-28,47.03,47.13,46.65,47.02,95300,47.02,45.052,47.13,1,0.2
2011-11-29,47.21,47.33,46.43,46.67,133500,46.67,45.4676,47.33,1,0.2
2011-11-30,47.44,47.77,47.01,47.61,254500,47.61,45.8401,47.77,1,0.2
2011-12-01,47.5,47.86,47.01,47.72,170500,47.72,46.2261,47.86,1,0.2
2011-12-02,47.87,48.15,47.79,48.1,151900,48.1,46.5529,48.15,1,0.2
2011-12-05,48.23,48.52,47.91,48.24,161200,48.24,46.8723,48.52,1,0.2
2011-12-06,48.52,49.83,48.28,49.63,223400,49.63,47.2018,49.83,1,0.2
2011-12-07,49.72,49.88,49.09,49.88,129700,49.88,47.7275,49.88,1,0.2
2011-12-08,49.52,50.43,49.52,50.21,251700,50.21,48.158,50.43,1,0.2
2011-12-09,50.2,50.27,50.01,50.23,280900,50.23,48.6124,50.43,1,0.2
2011-12-12,50.42,50.93,49.95,50.69,128800,50.69,48.9759,50.93,1,0.2
2011-12-13,50.84,51.32,50.64,50.7,138200,50.7,49.3667,51.32,1,0.2
2011-12-14,50.34,51.3,49.4,49.51,110100,49.51,49.7574,51.32,0,0.02
2011-12-15,49.74,49.79,48.88,49.17,210000,49.17,51.32,48.88,0,0.04
2011-12-16,49.35,50,48.73,49.66,149900,49.66,51.3,48.73,0,0.06
2011-12-19,49.93,50.09,49.42,49.55,72000,49.55,51.1458,48.73,0,0.06
2011-12-20,49.85,50,49.81,49.9,111500,49.9,51.0009,48.73,0,0.06
2011-12-21,49.78,49.89,49.42,49.72,82400,49.72,50.8646,48.73,0,0.06
2011-12-22,49.7,49.94,49.55,49.69,58900,49.69,50.7365,48.73,0,0.06
2011-12-23,49.86,50.17,49.81,49.93,75100,49.93,50.6161,48.73,0,0.06
2011-12-27,50,50.65,49.84,50.07,153500,50.07,50.503,48.73,1,0.02
2011-12-28,50,50.32,49.85,50,68500,50,48.73,50.32,1,0.04
2011-12-29,50,50.22,49.94,50.09,84600,50.09,48.7936,50.32,1,0.04
2011-12-30,50.13,50.28,50.07,50.18,37100,50.18,48.8547,50.32,1,0.04
2012-01-03,50.58,50.82,49.18,49.26,72100,49.26,48.9133,50.82,1,0.06
2012-01-04,49.15,49.41,47.9,48.55,198300,48.55,49.0277,50.82,0,0.02
2012-01-05,48.36,50.38,48.36,50.33,144700,50.33,50.82,48.36,0,0.04
2012-01-06,50.17,50.71,50.17,50.49,105600,50.49,50.7216,48.36,0,0.04
2012-01-09,50.5,50.56,50.23,50.38,189900,50.38,50.71,48.36,0,0.04
2012-01-10,50.53,50.77,49.75,49.75,132500,49.75,50.71,48.36,1,0.02
2012-01-11,49.78,49.92,48.34,48.9,208100,48.9,48.36,49.92,0,0.02
2012-01-12,49.4,50.53,48.23,50.43,104700,50.43,49.92,48.23,1,0.02
2012-01-13,50.1,50.68,50,50.46,65700,50.46,48.23,50.68,1,0.04
2012-01-17,50.67,51,50.53,50.6,85500,50.6,48.23,51,1,0.06
2012-01-18,50.67,50.82,50.5,50.5,32800,50.5,48.3962,51,1,0.06
2012-01-19,50.6,50.81,50.18,50.31,77300,50.31,48.5524,51,1,0.06
2012-01-20,50.31,50.88,50.31,50.64,62400,50.64,48.6993,51,1,0.06
2012-01-23,50.97,52.6,50.68,52.06,208400,52.06,48.8373,52.6,1,0.08
2012-01-24,52.09,53.2,51.48,52.92,170600,52.92,49.1383,53.2,1,0.1
2012-01-25,52.96,53.39,52.57,53.28,78500,53.28,49.5445,53.39,1,0.12
2012-01-26,53.58,54.26,53.2,54.13,158000,54.13,50.006,54.26,1,0.14
2012-01-27,54.36,54.36,53.86,54.06,145100,54.06,50.6015,54.36,1,0.16
2012-01-30,54,54,53.21,53.32,104900,53.32,51.2029,54.36,1,0.16
2012-01-31,53.65,53.99,53.35,53.49,70400,53.49,51.708,54.36,1,0.16
2012-02-01,54.04,54.08,53.35,53.78,67200,53.78,52.1323,54.36,1,0.16
2012-02-02,53.74,54.36,53.58,53.9,90200,53.9,52.4888,54.36,1,0.16
2012-02-03,53.94,53.94,52.62,53.1,79200,53.1,52.7882,54.36,0,0.02
2012-02-06,52.84,53.07,52.44,52.93,43600,52.93,54.36,52.44,0,0.04
2012-02-07,52.76,53.02,52.45,52.79,71900,52.79,54.2832,52.44,0,0.04
2012-02-08,52.8,53.03,52.43,52.54,49700,52.54,54.2095,52.43,0,0.06
2012-02-09,52.85,53.83,52.4,53.17,71800,53.17,54.1027,52.4,0,0.08
2012-02-10,53.1,54.01,50.27,50.5,192200,50.5,53.9665,50.27,1,0.02
2012-02-13,50.84,51.58,50.28,51.24,178300,51.24,50.27,51.58,1,0.04
2012-02-14,51.31,52.95,51.31,52.95,181900,52.95,50.27,52.95,1,0.06
2012-02-15,53.35,54.27,52.79,53.5,172400,53.5,50.28,54.27,1,0.08
2012-02-16,55,56.47,53.8,54.69,388800,54.69,50.5992,56.47,1,0.1
2012-02-17,54.95,59.73,54.93,59.14,375300,59.14,51.1863,59.73,1,0.12
2012-02-21,59.94,60.7,59,60.16,318900,60.16,52.2115,60.7,1,0.14
2012-02-22,59.77,63.22,59.76,62.48,371500,62.48,53.3999,63.22,1,0.16
2012-02-23,62.97,64.7,61.12,63.99,321700,63.99,54.9711,64.7,1,0.18
2012-02-24,63.76,65.71,63.76,64.61,231800,64.61,56.7223,65.71,1,0.2
2012-02-27,64.94,65.25,62.38,64.78,183100,64.78,58.5199,65.71,1,0.2
2012-02-28,65.34,65.6,63.78,64.37,127000,64.37,59.9579,65.71,1,0.2
2012-02-29,64.8,65.21,63.58,64.44,144300,64.44,61.1083,65.71,1,0.2
2012-03-01,64.44,64.88,63.58,63.6,214400,63.6,62.0286,65.71,1,0.2
2012-03-02,63.55,63.75,62.89,63.42,172400,63.42,62.7649,65.71,1,0.2
2012-03-05,64.41,64.41,63.48,63.85,182400,63.85,62.89,65.71,1,0.2
2012-03-06,63.89,64.74,63,63.88,133400,63.88,62.89,65.71,1,0.2
2012-03-07,64.43,64.81,63.5,63.59,169300,63.59,63,65.71,1,0.2
2012-03-08,63.53,63.64,59.59,61.22,420600,61.22,63,65.71,0,0.02
2012-03-09,60.93,63.78,60.93,63.26,215700,63.26,65.71,60.93,0,0.04
2012-03-12,63.39,64,62.99,63.43,163300,63.43,65.5188,60.93,0,0.04
2012-03-13,64,64.07,62.54,63.57,159100,63.57,65.3352,60.93,0,0.04
2012-03-14,63.81,64.34,62.61,63.77,133800,63.77,65.159,60.93,0,0.04
2012-03-15,64.39,64.39,63.36,63.53,131300,63.53,64.9899,60.93,0,0.04
2012-03-16,63.8,64,62.45,62.67,106200,62.67,64.8275,60.93,0,0.04
2012-03-19,62.6,64.88,62.02,64.18,158400,64.18,64.6716,60.93,1,0.02
2012-03-20,63.88,64.69,63.67,64.21,87300,64.21,60.93,64.69,1,0.04
2012-03-21,64.67,64.67,63.92,64.23,89200,64.23,61.0804,64.69,1,0.04
2012-03-22,63.88,64.01,62,63.52,108000,63.52,61.2248,64.69,1,0.04
2012-03-23,63.37,64.07,62.49,63.39,82500,63.39,61.3634,64.69,1,0.04
2012-03-26,63.97,64.49,63.12,63.73,120800,63.73,61.4965,64.69,1,0.04
2012-03-27,63.8,64.1,62.54,63.04,90600,63.04,61.6242,64.69,1,0.04
2012-03-28,63.27,63.49,61.79,62.15,95300,62.15,61.7468,64.69,1,0.04
2012-03-29,62.26,62.97,60.88,62.61,124800,62.61,61.79,64.69,0,0.02
2012-03-30,62.81,62.81,60.5,60.64,133600,60.64,64.69,60.5,0,0.04
2012-04-02,60.35,62.5,60.22,62.3,110900,62.3,64.5224,60.22,0,0.06
2012-04-03,62.48,63.49,62.12,62.62,74600,62.62,64.2643,60.22,0,0.06
2012-04-04,62.35,62.62,60.7,60.85,102400,60.85,64.0216,60.22,0,0.06
2012-04-05,60.7,61.47,60.34,61.11,83700,61.11,63.7935,60.22,0,0.06
2012-04-09,60.37,60.83,58.7,59.41,157700,59.41,63.5791,58.7,0,0.08
2012-04-10,59.17,59.22,56.79,57.03,141600,57.03,63.1888,56.79,0,0.1
2012-04-11,57.74,58.27,56.81,57.29,177900,57.29,62.5489,56.79,0,0.1
2012-04-12,57.37,58.79,57.37,58.3,157000,58.3,61.973,56.79,0,0.1
2012-04-13,58.05,58.62,57,57.67,118400,57.67,61.4547,56.79,0,0.1
2012-04-16,57.46,57.92,57.04,57.71,76000,57.71,60.9882,56.79,0,0.1
2012-04-17,57.94,58.96,57.8,58.02,77000,58.02,60.5684,56.79,0,0.1
2012-04-18,58,59.48,57.74,59.19,61300,59.19,60.1906,56.79,0,0.1
2012-04-19,59.15,59.7,58.12,58.96,226800,58.96,59.8505,56.79,0,0.1
2012-04-20,57.8,59.64,57.8,58.9,175000,58.9,59.7,56.79,0,0.1
2012-04-23,58.48,59.08,58.03,58.71,82100,58.71,59.7,56.79,0,0.1
2012-04-24,58.74,59.15,58.38,58.79,192400,58.79,59.64,56.79,0,0.1
2012-04-25,59.04,60.18,58.79,59.93,114300,59.93,59.355,56.79,1,0.02
2012-04-26,60.57,63,57.74,60.95,215200,60.95,56.79,63,1,0.04
2012-04-27,61.35,61.73,60.42,60.52,97000,60.52,57.0384,63,1,0.04
2012-04-30,60.72,61.75,59.46,59.83,47900,59.83,57.2769,63,1,0.04
2012-05-01,59.83,60.17,58.99,59.14,93000,59.14,57.5058,63,1,0.04
2012-05-02,59.09,59.3,58.03,59.09,52000,59.09,57.7256,63,1,0.04
2012-05-03,59.38,59.64,58.51,59.34,82900,59.34,57.9365,63,1,0.04
2012-05-04,59.15,59.15,56.97,57.19,93100,57.19,58.03,63,0,0.02
2012-05-07,56.81,56.92,56,56.19,95000,56.19,63,56,0,0.04
2012-05-08,56.01,56.31,53.8,54.29,183900,54.29,62.72,53.8,0,0.06
2012-05-09,53.97,54.64,53.5,54.24,202600,54.24,62.1848,53.5,0,0.08
2012-05-10,54.39,54.96,53.49,53.97,171000,53.97,61.49,53.49,0,0.1
2012-05-11,53.61,57.16,53.26,56.78,130200,56.78,60.69,53.26,0,0.12
2012-05-14,56.54,56.78,55.55,56.14,57000,56.14,59.7984,53.26,0,0.12
2012-05-15,55.99,57.33,55.99,56.86,108300,56.86,59.0138,53.26,0,0.12
2012-05-16,56.84,56.84,55.08,55.33,70000,55.33,58.3233,53.26,0,0.12
2012-05-17,55.3,55.31,52.01,52.35,134000,52.35,57.7157,52.01,0,0.14
2012-05-18,52.59,54.08,52.23,53.57,102000,53.57,56.9169,52.01,0,0.14
2012-05-21,53.48,54,52.61,53.78,117700,53.78,56.23,52.01,0,0.14
2012-05-22,54,56,53.75,55.51,150600,55.51,55.6392,52.01,1,0.02
2012-05-23,55.49,57.47,55.35,57.41,134900,57.41,52.01,57.47,1,0.04
2012-05-24,57.29,59.99,56.89,59.02,232700,59.02,52.2284,59.99,1,0.06
2012-05-25,58.89,58.93,57.56,57.98,92900,57.98,52.6941,59.99,1,0.06
2012-05-29,58.34,59.03,57.19,57.5,83900,57.5,53.1319,59.99,1,0.06
2012-05-30,57.12,57.9,56.87,57.09,97500,57.09,53.5433,59.99,1,0.06
2012-05-31,57.27,58,56.56,57.86,329100,57.86,53.9301,59.99,1,0.06
2012-06-01,57.52,57.91,56.8,57.77,194500,57.77,54.2937,59.99,1,0.06
2012-06-04,57.52,59.59,57.19,59.11,156300,59.11,54.6355,59.99,1,0.06
2012-06-05,59.31,63.1,59,62.5,335600,62.5,54.9568,63.1,1,0.08
2012-06-06,63.07,64.66,62.64,64.4,203400,64.4,55.6082,64.66,1,0.1
2012-06-07,64.76,64.79,63.5,63.76,90100,63.76,56.5134,64.79,1,0.12
2012-06-08,63.98,66.51,63.51,64.94,177700,64.94,57.5066,66.51,1,0.14
2012-06-11,66.16,66.37,65.03,65.49,115700,65.49,58.7671,66.51,1,0.14
2012-06-12,65.43,67.03,65.43,66.13,97800,66.13,59.8511,67.03,1,0.16
2012-06-13,66.27,66.43,65.29,66.02,108500,66.02,60.9997,67.03,1,0.16
2012-06-14,65.72,66.52,65.35,65.35,169800,65.35,61.9646,67.03,1,0.16
2012-06-15,65.54,67.56,63.76,67.4,88800,67.4,62.775,67.56,1,0.18
2012-06-18,67.48,70.47,66.79,70.37,210600,70.37,63.6363,70.47,1,0.2
2012-06-19,70.68,72.61,70.23,71.77,308900,71.77,63.76,72.61,1,0.2
2012-06-20,72.26,72.26,70.45,70.97,125900,70.97,65.53,72.61,1,0.2
2012-06-21,71.49,71.76,70.21,70.35,197400,70.35,66.946,72.61,1,0.2
2012-06-22,70.39,71.5,69.89,70.85,68500,70.85,68.0788,72.61,1,0.2
2012-06-25,70.55,71.25,70.03,70.78,84500,70.78,68.985,72.61,1,0.2
2012-06-26,70.27,71.8,70.23,71.7,94200,71.7,69.71,72.61,1,0.2
2012-06-27,71.7,72.55,71.67,72.36,149300,72.36,70.03,72.61,1,0.2
2012-06-28,72.09,72.4,70.96,71.74,56500,71.74,70.23,72.61,1,0.2
2012-06-29,72.4,73.23,71.75,73.23,101800,73.23,70.706,73.23,1,0.2
2012-07-02,73.54,75.94,73.54,75.65,132700,75.65,70.96,75.94,1,0.2
2012-07-03,75.84,76.2,74.91,75.43,56400,75.43,71.75,76.2,1,0.2
2012-07-05,74.23,75.32,74.23,74.99,129500,74.99,72.64,76.2,1,0.2
2012-07-06,74.76,75.47,74,74.44,59600,74.44,73.352,76.2,1,0.2
2012-07-09,74.44,74.44,73.22,74.36,113600,74.36,73.9216,76.2,0,0.02
2012-07-10,74.36,74.97,72.26,73.16,112000,73.16,76.2,72.26,0,0.04
2012-07-11,73.08,73.69,72.46,73.37,64600,73.37,76.0424,72.26,0,0.04
2012-07-12,73.11,73.19,67,70.7,259100,70.7,75.8911,67,0,0.06
2012-07-13,70.81,73.86,70.81,73.86,98400,73.86,75.3576,67,0,0.06
2012-07-16,73.9,75.23,73.86,75,75400,75,74.8562,67,1,0.02
2012-07-17,75,75.25,73.33,74.59,73900,74.59,67,75.25,1,0.04
2012-07-18,74.97,76.02,74.94,75.38,117200,75.38,67.33,76.02,1,0.06
2012-07-19,75.97,76.4,75.43,75.87,98000,75.87,67.8514,76.4,1,0.08
2012-07-20,75.49,76.07,74.32,75.75,63400,75.75,68.5353,76.4,1,0.08
2012-07-23,75.03,75.4,73.87,74.44,36600,74.44,69.1645,76.4,1,0.08
2012-07-24,74.22,74.57,73.4,73.8,101500,73.8,69.7433,76.4,1,0.08
2012-07-25,73.6,75.78,73.5,74.42,64300,74.42,70.2758,76.4,1,0.08
2012-07-26,74.97,75.28,72.01,72.8,185800,72.8,70.7658,76.4,1,0.08
2012-07-27,71.25,74.09,71.25,73.93,120300,73.93,71.2165,76.4,1,0.08
2012-07-30,73.5,79.2,73.49,77.49,265200,77.49,71.25,79.2,1,0.1
2012-07-31,77.5,78.15,77.2,77.56,113000,77.56,71.25,79.2,1,0.1
2012-08-01,77.57,78.5,76.28,77.78,123600,77.78,72.045,79.2,1,0.1
2012-08-02,77.59,78.52,77.27,77.89,151700,77.89,72.7605,79.2,1,0.1
2012-08-03,78,79.4,77.8,78.4,197200,78.4,73.4045,79.4,1,0.12
2012-08-06,80.16,82.83,79.78,81.86,235700,81.86,74.1239,82.83,1,0.14
2012-08-07,82.24,83.83,81.8,82.79,121700,82.79,75.3428,83.83,1,0.16
2012-08-08,82.85,84.43,82.26,84.3,98100,84.3,76.7007,84.43,1,0.18
2012-08-09,84.74,84.74,83.25,83.61,153100,83.61,78.092,84.74,1,0.2
2012-08-10,83.5,83.97,83.01,83.6,101900,83.6,79.4216,84.74,1,0.2
2012-08-13,83.5,84.82,83.26,84.67,137900,84.67,80.4853,84.82,1,0.2
2012-08-14,84.92,84.93,84.31,84.44,63900,84.44,81.3522,84.93,1,0.2
2012-08-15,83.77,84.97,83.75,84.69,119300,84.69,82.0678,84.97,1,0.2
2012-08-16,85,89.49,84.98,89.31,264000,89.31,82.6482,89.49,1,0.2
2012-08-17,89.67,90.92,88.25,90.79,117500,90.79,83.75,90.92,1,0.2
2012-08-20,91.19,92.29,89.58,90.05,227100,90.05,84.98,92.29,1,0.2
2012-08-21,89.77,90.32,84.74,85.11,389600,85.11,86.442,92.29,0,0.02
2012-08-22,84.59,85.08,83.68,84.95,237400,84.95,92.29,83.68,0,0.04
2012-08-23,84.95,85.01,83.12,84.12,160100,84.12,91.9456,83.12,0,0.06
2012-08-24,84.44,84.81,83.82,84.1,117800,84.1,91.4161,83.12,0,0.06
2012-08-27,84.5,85.39,83.68,84.45,149100,84.45,90.9183,83.12,0,0.06
2012-08-28,84.39,85.55,84.04,85.49,59600,85.49,90.4504,83.12,0,0.06
2012-08-29,85.61,86.79,85.38,85.59,94600,85.59,90.0106,83.12,0,0.06
2012-08-30,85.42,85.42,82.61,83.59,107300,83.59,89.5971,82.61,0,0.08
2012-08-31,83.9,84.87,83.9,84.29,52500,84.29,89.0382,82.61,0,0.08
2012-09-04,84.29,86.38,83.78,86,101100,86,88.5239,82.61,0,0.08
2012-09-05,86.17,87.83,86.08,87.39,126200,87.39,88.0508,82.61,0,0.08
2012-09-06,87.98,88,87,87.72,135600,87.72,87.83,82.61,1,0.02
2012-09-07,87.4,87.42,85.59,85.84,61700,85.84,82.61,87.42,1,0.04
2012-09-10,86.36,88,86.02,87.28,108700,87.28,82.8024,88,1,0.06
2012-09-11,87.75,87.96,87.21,87.55,83600,87.55,83.1143,88,1,0.06
2012-09-12,88.02,90.83,87.81,89.45,119900,89.45,83.4074,90.83,1,0.08
2012-09-13,89.78,91.4,88.5,91.06,175600,91.06,84.0012,91.4,1,0.1
2012-09-14,91.62,91.62,88.99,89.76,129800,89.76,84.7411,91.62,1,0.12
2012-09-17,89.15,91.06,89.15,90.25,86600,90.25,85.5666,91.62,1,0.12
2012-09-18,90.79,90.99,89.08,89.27,66700,89.27,86.293,91.62,1,0.12
2012-09-19,90.01,90.1,89.46,89.46,37300,89.46,86.9322,91.62,1,0.12
2012-09-20,89.56,90.61,89.45,90.46,79000,90.46,87.4947,91.62,1,0.12
2012-09-21,90.68,91.4,89.14,89.23,98300,89.23,87.9898,91.62,1,0.12
2012-09-24,89.15,89.16,86.48,87.24,101600,87.24,88.4254,91.62,0,0.02
2012-09-25,86.81,87.19,84.5,85.27,176700,85.27,91.62,84.5,0,0.04
2012-09-26,84.97,85.63,83.72,84.2,140500,84.2,91.3352,83.72,0,0.06
2012-09-27,84.66,87.19,83.83,86.05,145200,86.05,90.8783,83.72,0,0.06
2012-09-28,85.74,86.4,84.02,86.25,131200,86.25,90.4488,83.72,0,0.06
2012-10-01,86.74,88.59,86.55,88.49,189400,88.49,90.0451,83.72,0,0.06
2012-10-02,88.94,89.61,86.77,88.05,88500,88.05,89.6656,83.72,0,0.06
2012-10-03,88.66,103.43,88.66,102.69,1016800,102.69,89.61,83.72,1,0.02
2012-10-04,101.61,115.22,99.14,114.1,790800,114.1,83.72,115.22,1,0.04
2012-10-05,114.17,115.73,109.88,111.44,317400,111.44,84.98,115.73,1,0.06
2012-10-08,110.78,113.43,110.66,111.79,188900,111.79,86.825,115.73,1,0.06
2012-10-09,111.56,111.56,107.4,108.41,246400,108.41,88.5593,115.73,1,0.06
2012-10-10,108.19,110.75,107.48,108.39,181400,108.39,90.1895,115.73,1,0.06
2012-10-11,109.24,112.59,109.24,111.08,151300,111.08,91.722,115.73,1,0.06
2012-10-12,110.9,115.02,110.9,114.73,97500,114.73,93.1625,115.73,1,0.06
2012-10-15,115.82,117.07,113.59,114.71,159700,114.71,94.5165,117.07,1,0.08
2012-10-16,114.4,118.48,114.25,117.44,127000,117.44,96.3208,118.48,1,0.1
2012-10-17,117.83,118.39,116.7,117.05,178300,117.05,98.5367,118.48,1,0.1
2012-10-18,116.86,116.86,111.39,111.84,177800,111.84,100.531,118.48,1,0.1
2012-10-19,110.72,114.51,110.12,111.92,192400,111.92,102.326,118.48,1,0.1
2012-10-22,111.58,115.65,111,112.03,190800,112.03,103.941,118.48,1,0.1
2012-10-23,111,111,107.88,109.76,272200,109.76,105.395,118.48,1,0.1
2012-10-24,109.81,129.72,109.75,124.33,937800,124.33,106.704,129.72,1,0.12
2012-10-25,122.07,127.5,114.75,115.9,965800,115.9,107.88,129.72,1,0.12
2012-10-26,115.06,116.59,111.88,115.41,312800,115.41,109.75,129.72,1,0.12
2012-10-31,114.8,116.27,112.1,113.5,166600,113.5,111.88,129.72,1,0.12
2012-11-01,112.28,115.12,108.78,110.34,265100,110.34,111.88,129.72,0,0.02
2012-11-02,110.63,114.87,109.85,111,113300,111,129.72,109.85,0,0.04
2012-11-05,111.25,112.54,100.75,107.63,484100,107.63,128.925,100.75,0,0.06
2012-11-06,107.68,108.58,105.42,106.6,186700,106.6,127.235,100.75,0,0.06
2012-11-07,105.05,114.43,104.72,111.94,295400,111.94,125.646,100.75,0,0.06
2012-11-08,112,115.15,110.68,111.99,171600,111.99,124.152,100.75,0,0.06
2012-11-09,111,113.07,108.14,109.58,146500,109.58,122.748,100.75,0,0.06
2012-11-12,109.11,112.34,106.65,107.15,173100,107.15,121.428,100.75,0,0.06
2012-11-13,106.01,109.78,105.29,105.51,185000,105.51,120.187,100.75,0,0.06
2012-11-14,104.23,105.15,101.5,102.44,291200,102.44,119.021,100.75,0,0.06
2012-11-15,101.44,102,97.01,100.52,357100,100.52,117.925,97.01,0,0.08
2012-11-16,100.14,104.18,99.17,103.87,230100,103.87,116.252,97.01,0,0.08
2012-11-19,105.32,106.94,102.78,105.5,248900,105.5,114.712,97.01,0,0.08
2012-11-20,105.63,106.07,103.22,104.47,96700,104.47,113.296,97.01,0,0.08
2012-11-21,104.42,106.36,103.01,105.85,138200,105.85,111.993,97.01,0,0.08
2012-11-23,105.65,106,102.63,103.97,88100,103.97,110.795,97.01,0,0.08
2012-11-26,103.34,104.44,101.48,101.93,156800,101.93,109.692,97.01,0,0.08
2012-11-27,101.7,108.9,99.89,104.68,441700,104.68,108.677,97.01,1,0.02
2012-11-28,104.61,104.86,101.52,103.73,163300,103.73,97.01,104.86,1,0.04
2012-11-29,103.94,108,103.77,106.33,238800,106.33,97.324,108,1,0.06
2012-11-30,107.13,107.94,105.17,106.33,144200,106.33,97.9646,108,1,0.06
2012-12-03,107.3,108.23,103.42,104.12,145800,104.12,98.5667,108.23,1,0.08
2012-12-04,102.83,104.54,99.84,100.65,270600,100.65,99.3398,108.23,1,0.08
2012-12-05,100.1,100.1,96.25,97.93,403300,97.93,99.84,108.23,0,0.02
2012-12-06,97.35,102.57,97.35,101.19,188100,101.19,108.23,97.35,0,0.04
2012-12-07,101.59,109.24,101.37,103.02,414900,103.02,107.795,97.35,1,0.02
2012-12-10,103.25,106.93,102.95,103.3,152500,103.3,97.35,106.93,1,0.04
2012-12-11,103.78,104.39,102,102.69,131500,102.69,97.7332,106.93,1,0.04
2012-12-12,102.42,108.92,102.25,106.73,530800,106.73,98.1011,108.92,1,0.06
2012-12-13,106.05,107.22,104.05,104.85,258700,104.85,98.7502,108.92,1,0.06
2012-12-14,99.65,101.49,94.6,95.05,434200,95.05,99.3604,108.92,0,0.02
2012-12-17,95.1,95.72,93.62,94.37,281400,94.37,108.92,93.62,0,0.04
2012-12-18,94.76,94.96,91.85,93.76,233600,93.76,108.308,91.85,0,0.06
2012-12-19,93.89,93.89,88.34,89.25,493300,89.25,107.321,88.34,0,0.08
2012-12-20,89.5,90.54,88.44,89.26,177100,89.26,105.802,88.34,0,0.08
2012-12-21,87.83,88.98,86.85,87.59,170300,87.59,104.405,86.85,0,0.1
2012-12-24,87.51,87.81,86.51,86.62,40300,86.62,102.65,86.51,0,0.12
2012-12-26,86.29,86.5,84.34,84.56,128500,84.56,100.713,84.34,0,0.14
2012-12-27,84.32,86.47,83.08,85.76,155100,85.76,98.4206,83.08,0,0.16
2012-12-28,85.37,86.3,84.66,85.75,176800,85.75,95.9661,83.08,0,0.16
2012-12-31,85.21,87.07,85,86.65,115100,86.65,93.9044,83.08,0,0.16
2013-01-02,87.62,89.38,86.66,87.76,223900,87.76,92.1725,83.08,0,0.16
2013-01-03,87.63,89.71,85.14,85.54,176000,85.54,90.7177,83.08,0,0.16
2013-01-04,86.38,87.31,84.19,86.87,228000,86.87,89.71,83.08,0,0.16
2013-01-07,87.15,88.87,85.05,87.51,262400,87.51,89.71,83.08,0,0.16
2013-01-08,87.74,91.73,86.99,91.53,312800,91.53,88.87,83.08,1,0.02
2013-01-09,91.96,92.45,90.02,91.37,155200,91.37,83.08,92.45,1,0.04
2013-01-10,91.35,94.41,90.31,93.57,181300,93.57,83.4548,94.41,1,0.06
2013-01-11,93.79,95.05,92.69,94.63,144600,94.63,84.1121,95.05,1,0.08
2013-01-14,95,96.72,93.57,94.92,136800,94.92,84.9871,96.72,1,0.1
2013-01-15,94.75,96.56,94.6,96.02,110300,96.02,86.1604,96.72,1,0.1
2013-01-16,95.88,97.85,93.86,94.51,124400,94.51,87.2164,97.85,1,0.12
2013-01-17,94.36,95.71,93.45,94.92,55600,94.92,88.4924,97.85,1,0.12
2013-01-18,94.34,95.08,92.29,93.26,104700,93.26,89.6153,97.85,1,0.12
2013-01-22,93.01,94.19,92.63,93.94,77700,93.94,90.6035,97.85,1,0.12
2013-01-23,93.6,93.81,91.84,93.2,108600,93.2,91.4731,97.85,1,0.12
2013-01-24,92.76,94.12,91.3,92.59,144300,92.59,91.84,97.85,0,0.02
2013-01-25,92.19,92.8,90.44,91.59,99600,91.59,97.85,90.44,0,0.04
2013-01-28,91.39,92.22,87.7,88.04,142600,88.04,97.5536,87.7,0,0.06
2013-01-29,87.37,88.21,87.14,87.64,233800,87.64,96.9624,87.14,0,0.08
2013-01-30,86.97,87.4,85.76,86.29,220400,86.29,96.1766,85.76,0,0.1
2013-01-31,85.73,90.53,85.4,87.87,343800,87.87,95.1349,85.4,0,0.12
2013-02-01,88.64,90,87.91,89.37,121600,89.37,93.9667,85.4,0,0.12
2013-02-04,88.83,89.15,87.04,87.84,74300,87.84,92.9387,85.4,0,0.12
2013-02-05,88.01,89.07,87.42,87.97,86700,87.97,92.0341,85.4,0,0.12
2013-02-06,88,88.04,87.28,87.74,132100,87.74,91.238,85.4,0,0.12
2013-02-07,87.51,87.78,86.38,87.08,95900,87.08,90.5374,85.4,0,0.12
2013-02-08,86.97,87.59,85.6,86.05,77100,86.05,89.9209,85.4,0,0.12
2013-02-11,86,86.6,84.76,85.57,131100,85.57,89.3784,84.76,0,0.14
2013-02-12,85.82,85.97,83.65,83.86,279300,83.86,88.7318,83.65,0,0.16
2013-02-13,83.82,93.41,83.82,91.01,705300,91.01,87.9188,83.65,1,0.02
2013-02-14,91.55,92.28,87.27,87.44,241900,87.44,83.65,92.28,1,0.04
2013-02-15,87.13,89.61,85.75,87.73,134600,87.73,83.82,92.28,1,0.04
2013-02-19,87.87,88.47,86.67,87.04,148900,87.04,84.1584,92.28,1,0.04
2013-02-20,86.9,87.34,84,85,175700,85,84.4833,92.28,0,0.02
2013-02-21,85,85,80.62,80.76,283100,80.76,92.28,80.62,0,0.04
2013-02-22,80.44,81,78.02,78.59,362200,78.59,91.8136,78.02,0,0.06
2013-02-25,78.64,79.34,77.26,77.38,245700,77.38,90.986,77.26,0,0.08
2013-02-26,76.87,77.94,75,75.45,271900,75.45,89.8879,75,0,0.1
2013-02-27,75.59,79.35,75.57,78.84,299200,78.84,88.3991,75,0,0.1
2013-02-28,79.51,84.5,77.79,81.54,453200,81.54,87.0592,75,0,0.1
2013-03-01,81.61,82.14,79.17,81.91,156900,81.91,85.8533,75,0,0.1
2013-03-04,81.57,82.52,80.86,82.23,253500,82.23,84.768,75,0,0.1
2013-03-05,82.27,84.98,82.12,83.79,176500,83.79,83.7912,75,1,0.02
2013-03-06,83.95,84.47,80.86,81.73,157800,81.73,75,84.47,1,0.04
2013-03-07,81.48,82.84,80.55,82.46,209500,82.46,75.3788,84.47,1,0.04
2013-03-08,82.39,84.53,82.2,83.72,310400,83.72,75.7424,84.53,1,0.06
2013-03-11,83,84.21,82.24,82.4,168500,82.4,76.2697,84.53,1,0.06
2013-03-12,82.19,84.31,82.19,83.34,212000,83.34,76.7653,84.53,1,0.06
2013-03-13,83.25,83.44,81.03,81.03,212800,81.03,77.2312,84.53,1,0.06
2013-03-14,81.25,82.58,81.09,81.75,286600,81.75,77.6691,84.53,1,0.06
2013-03-15,81.75,82.42,79.32,79.45,303600,79.45,78.0808,84.53,1,0.06
2013-03-18,79,79.4,75.66,75.9,385400,75.9,78.4677,84.53,0,0.02
2013-03-19,76.17,78.58,71.73,71.8,847800,71.8,84.53,71.73,0,0.04
2013-03-20,73,73.48,70.51,71.32,592600,71.32,84.018,70.51,0,0.06
2013-03-21,71.14,72.39,70.12,70.7,267500,70.7,83.2075,70.12,0,0.08
2013-03-22,71.33,71.92,69.46,69.88,208200,69.88,82.1605,69.46,0,0.1
2013-03-25,70.15,70.41,66.97,67.35,371500,67.35,80.8905,66.97,0,0.12
2013-03-26,67.67,69.48,67.32,69.2,264700,69.2,79.22,66.97,0,0.12
2013-03-27,68.92,70.84,68.64,70.43,223200,70.43,77.75,66.97,0,0.12
2013-03-28,70.26,70.87,69.01,69.75,317500,69.75,76.4564,66.97,0,0.12
2013-04-01,69.44,70,67.95,69.43,253600,69.43,75.318,66.97,0,0.12
2013-04-02,69.46,71.69,69.46,70.72,359800,70.72,74.3163,66.97,0,0.12
2013-04-03,70.59,70.59,68.94,69.51,324100,69.51,73.4347,66.97,0,0.12
2013-04-04,69.38,71.22,69.38,70.93,231000,70.93,72.659,66.97,0,0.12
2013-04-05,70.02,73.98,69.48,73.65,374900,73.65,71.9763,66.97,1,0.02
2013-04-08,73.19,75.95,72.76,75.84,369800,75.84,66.97,75.95,1,0.04
2013-04-09,75.71,76.96,75.4,75.97,320000,75.97,67.3292,76.96,1,0.06
2013-04-10,75.99,77.25,75.52,76.21,236500,76.21,67.907,77.25,1,0.08
2013-04-11,76.37,78,76.25,77.01,362800,77.01,68.6545,78,1,0.1
2013-04-12,76.56,77.18,75.94,76.55,233100,76.55,69.589,78,1,0.1
2013-04-15,76.34,76.9,74.75,75.43,447500,75.43,70.4301,78,1,0.1
2013-04-16,75.6,76.3,75.45,76.18,299900,76.18,71.1871,78,1,0.1
2013-04-17,75.99,76.06,74.1,75.27,220900,75.27,71.8684,78,1,0.1
2013-04-18,75.25,75.26,72.65,72.93,421800,72.93,72.4816,78,1,0.1
2013-04-19,73.08,73.63,72,72.39,163800,72.39,72.65,78,0,0.02
2013-04-22,72.62,72.62,70.7,71.65,225600,71.65,78,70.7,0,0.04
2013-04-23,71.88,73.02,71.54,72.98,336300,72.98,77.708,70.7,0,0.04
2013-04-24,73.16,74.94,73.03,74.32,226000,74.32,77.4277,70.7,0,0.04
2013-04-25,74.33,80.74,73.45,80.08,477800,80.08,77.1586,70.7,1,0.02
2013-04-26,80.13,82.38,79.44,81.55,495600,81.55,70.7,82.38,1,0.04
2013-04-29,82.04,83.32,81.57,83.19,539900,83.19,71.1672,83.32,1,0.06
2013-04-30,82.4,83.34,82.02,82.54,242500,82.54,71.8964,83.34,1,0.08
2013-05-01,82.26,82.45,80.59,81.74,330100,81.74,72.8119,83.34,1,0.08
2013-05-02,81.93,83.41,81.24,83.22,191600,83.22,73.6541,83.41,1,0.1
2013-05-03,83.95,85.24,83.27,84.79,182100,84.79,74.6297,85.24,1,0.12
2013-05-06,84.97,90.43,84.3,90.18,558800,90.18,75.9029,90.43,1,0.14
2013-05-07,89.82,90.71,87.85,90.18,364100,90.18,77.9367,90.71,1,0.16
2013-05-08,90.27,91.09,88.26,90.95,259400,90.95,79.9804,91.09,1,0.18
2013-05-09,91.16,92.78,90.45,92,213900,92,81.9802,92.78,1,0.2
2013-05-10,89.6,92.87,89.6,92.3,204200,92.3,84.1401,92.87,1,0.2
2013-05-13,92.7,92.73,90.61,91.9,255700,91.9,85.8861,92.87,1,0.2
2013-05-14,92.3,93.66,92.04,93.59,213700,93.59,87.2829,93.66,1,0.2
2013-05-15,92.37,95.36,92.19,95.12,214400,95.12,88.5583,95.36,1,0.2
2013-05-16,94.77,95.53,94.5,94.8,106100,94.8,89.9186,95.53,1,0.2
2013-05-17,95.6,95.7,94,95.44,140000,95.44,91.0409,95.7,1,0.2
2013-05-20,95.44,96.61,94.58,95.53,126900,95.53,91.9727,96.61,1,0.2
2013-05-21,95.81,97.29,95.47,96.01,215300,96.01,92.9002,97.29,1,0.2
2013-05-22,96.29,97.13,91.96,92.74,278400,92.74,93.7781,97.29,0,0.02
2013-05-23,91.51,92.87,90.63,92.83,163400,92.83,97.29,90.63,0,0.04
2013-05-24,92.59,92.59,91.25,91.67,88700,91.67,97.13,90.63,0,0.04
2013-05-28,92.5,93.3,91.73,92.96,254000,92.96,96.87,90.63,0,0.04
2013-05-29,92.51,94.41,92.05,93.4,218600,93.4,96.6204,90.63,0,0.04
2013-05-30,93.95,95.5,93.26,95.21,132300,95.21,96.3808,90.63,0,0.04
2013-05-31,95.14,95.5,94.17,94.27,201600,94.27,96.1508,90.63,0,0.04
2013-06-01,95.14,95.5,94.17,94.27,201600,94.27,95.9299,90.63,0,0.04
